type,actor,created_at,repo,repo_created_at,repo_url,timestamp,type
PushEvent,8635,8635,8635,5701,8635,8635,8635
IssueCommentEvent,4134,4134,4134,2960,4134,4134,4134
IssuesEvent,1657,1657,1657,1111,1657,1657,1657
CreateEvent,976,976,976,635,976,976,976
PullRequestEvent,839,839,839,574,839,839,839
GollumEvent,507,507,507,238,507,507,507
WatchEvent,492,492,492,329,492,492,492
PullRequestReviewCommentEvent,261,261,261,222,261,261,261
ForkEvent,171,171,171,102,171,171,171
DeleteEvent,117,117,117,72,117,117,117
MemberEvent,104,104,104,59,104,104,104
CommitCommentEvent,56,56,56,47,56,56,56
ReleaseEvent,44,44,44,37,44,44,44
PublicEvent,19,19,19,14,19,19,19
